,name
0,Vincent_van_Gogh_1.jpg
1,Vincent_van_Gogh_10.jpg
2,Vincent_van_Gogh_100.jpg
3,Vincent_van_Gogh_101.jpg
4,Vincent_van_Gogh_102.jpg
5,Vincent_van_Gogh_103.jpg
6,Vincent_van_Gogh_104.jpg
7,Vincent_van_Gogh_105.jpg
8,Vincent_van_Gogh_106.jpg
9,Vincent_van_Gogh_107.jpg
10,Vincent_van_Gogh_108.jpg
11,Vincent_van_Gogh_109.jpg
12,Vincent_van_Gogh_11.jpg
13,Vincent_van_Gogh_110.jpg
14,Vincent_van_Gogh_111.jpg
15,Vincent_van_Gogh_112.jpg
16,Vincent_van_Gogh_113.jpg
17,Vincent_van_Gogh_114.jpg
18,Vincent_van_Gogh_115.jpg
19,Vincent_van_Gogh_116.jpg
20,Vincent_van_Gogh_117.jpg
21,Vincent_van_Gogh_118.jpg
22,Vincent_van_Gogh_119.jpg
23,Vincent_van_Gogh_12.jpg
24,Vincent_van_Gogh_120.jpg
25,Vincent_van_Gogh_121.jpg
26,Vincent_van_Gogh_122.jpg
27,Vincent_van_Gogh_123.jpg
28,Vincent_van_Gogh_124.jpg
29,Vincent_van_Gogh_125.jpg
30,Vincent_van_Gogh_126.jpg
31,Vincent_van_Gogh_127.jpg
32,Vincent_van_Gogh_128.jpg
33,Vincent_van_Gogh_129.jpg
34,Vincent_van_Gogh_13.jpg
35,Vincent_van_Gogh_130.jpg
36,Vincent_van_Gogh_131.jpg
37,Vincent_van_Gogh_132.jpg
38,Vincent_van_Gogh_133.jpg
39,Vincent_van_Gogh_134.jpg
40,Vincent_van_Gogh_135.jpg
41,Vincent_van_Gogh_136.jpg
42,Vincent_van_Gogh_137.jpg
43,Vincent_van_Gogh_138.jpg
44,Vincent_van_Gogh_139.jpg
45,Vincent_van_Gogh_14.jpg
46,Vincent_van_Gogh_140.jpg
47,Vincent_van_Gogh_141.jpg
48,Vincent_van_Gogh_142.jpg
49,Vincent_van_Gogh_143.jpg
50,Vincent_van_Gogh_144.jpg
51,Vincent_van_Gogh_145.jpg
52,Vincent_van_Gogh_146.jpg
53,Vincent_van_Gogh_147.jpg
54,Vincent_van_Gogh_148.jpg
55,Vincent_van_Gogh_149.jpg
56,Vincent_van_Gogh_15.jpg
57,Vincent_van_Gogh_150.jpg
58,Vincent_van_Gogh_151.jpg
59,Vincent_van_Gogh_152.jpg
60,Vincent_van_Gogh_153.jpg
61,Vincent_van_Gogh_154.jpg
62,Vincent_van_Gogh_155.jpg
63,Vincent_van_Gogh_156.jpg
64,Vincent_van_Gogh_157.jpg
65,Vincent_van_Gogh_158.jpg
66,Vincent_van_Gogh_159.jpg
67,Vincent_van_Gogh_16.jpg
68,Vincent_van_Gogh_160.jpg
69,Vincent_van_Gogh_161.jpg
70,Vincent_van_Gogh_162.jpg
71,Vincent_van_Gogh_163.jpg
72,Vincent_van_Gogh_164.jpg
73,Vincent_van_Gogh_165.jpg
74,Vincent_van_Gogh_166.jpg
75,Vincent_van_Gogh_167.jpg
76,Vincent_van_Gogh_168.jpg
77,Vincent_van_Gogh_169.jpg
78,Vincent_van_Gogh_17.jpg
79,Vincent_van_Gogh_170.jpg
80,Vincent_van_Gogh_171.jpg
81,Vincent_van_Gogh_172.jpg
82,Vincent_van_Gogh_173.jpg
83,Vincent_van_Gogh_174.jpg
84,Vincent_van_Gogh_175.jpg
85,Vincent_van_Gogh_176.jpg
86,Vincent_van_Gogh_177.jpg
87,Vincent_van_Gogh_178.jpg
88,Vincent_van_Gogh_179.jpg
89,Vincent_van_Gogh_18.jpg
90,Vincent_van_Gogh_180.jpg
91,Vincent_van_Gogh_181.jpg
92,Vincent_van_Gogh_182.jpg
93,Vincent_van_Gogh_183.jpg
94,Vincent_van_Gogh_184.jpg
95,Vincent_van_Gogh_185.jpg
96,Vincent_van_Gogh_186.jpg
97,Vincent_van_Gogh_187.jpg
98,Vincent_van_Gogh_188.jpg
99,Vincent_van_Gogh_189.jpg
100,Vincent_van_Gogh_19.jpg
101,Vincent_van_Gogh_190.jpg
102,Vincent_van_Gogh_191.jpg
103,Vincent_van_Gogh_192.jpg
104,Vincent_van_Gogh_193.jpg
105,Vincent_van_Gogh_194.jpg
106,Vincent_van_Gogh_195.jpg
107,Vincent_van_Gogh_196.jpg
108,Vincent_van_Gogh_197.jpg
109,Vincent_van_Gogh_198.jpg
110,Vincent_van_Gogh_199.jpg
111,Vincent_van_Gogh_2.jpg
112,Vincent_van_Gogh_20.jpg
113,Vincent_van_Gogh_200.jpg
114,Vincent_van_Gogh_201.jpg
115,Vincent_van_Gogh_202.jpg
116,Vincent_van_Gogh_203.jpg
117,Vincent_van_Gogh_204.jpg
118,Vincent_van_Gogh_205.jpg
119,Vincent_van_Gogh_206.jpg
120,Vincent_van_Gogh_207.jpg
121,Vincent_van_Gogh_208.jpg
122,Vincent_van_Gogh_209.jpg
123,Vincent_van_Gogh_21.jpg
124,Vincent_van_Gogh_210.jpg
125,Vincent_van_Gogh_211.jpg
126,Vincent_van_Gogh_212.jpg
127,Vincent_van_Gogh_213.jpg
128,Vincent_van_Gogh_214.jpg
129,Vincent_van_Gogh_215.jpg
130,Vincent_van_Gogh_216.jpg
131,Vincent_van_Gogh_217.jpg
132,Vincent_van_Gogh_218.jpg
133,Vincent_van_Gogh_219.jpg
134,Vincent_van_Gogh_22.jpg
135,Vincent_van_Gogh_220.jpg
136,Vincent_van_Gogh_221.jpg
137,Vincent_van_Gogh_222.jpg
138,Vincent_van_Gogh_223.jpg
139,Vincent_van_Gogh_224.jpg
140,Vincent_van_Gogh_225.jpg
141,Vincent_van_Gogh_226.jpg
142,Vincent_van_Gogh_227.jpg
143,Vincent_van_Gogh_228.jpg
144,Vincent_van_Gogh_229.jpg
145,Vincent_van_Gogh_23.jpg
146,Vincent_van_Gogh_230.jpg
147,Vincent_van_Gogh_231.jpg
148,Vincent_van_Gogh_232.jpg
149,Vincent_van_Gogh_233.jpg
150,Vincent_van_Gogh_234.jpg
151,Vincent_van_Gogh_235.jpg
152,Vincent_van_Gogh_236.jpg
153,Vincent_van_Gogh_237.jpg
154,Vincent_van_Gogh_238.jpg
155,Vincent_van_Gogh_239.jpg
156,Vincent_van_Gogh_24.jpg
157,Vincent_van_Gogh_240.jpg
158,Vincent_van_Gogh_241.jpg
159,Vincent_van_Gogh_242.jpg
160,Vincent_van_Gogh_243.jpg
161,Vincent_van_Gogh_244.jpg
162,Vincent_van_Gogh_245.jpg
163,Vincent_van_Gogh_246.jpg
164,Vincent_van_Gogh_247.jpg
165,Vincent_van_Gogh_248.jpg
166,Vincent_van_Gogh_249.jpg
167,Vincent_van_Gogh_25.jpg
168,Vincent_van_Gogh_250.jpg
169,Vincent_van_Gogh_251.jpg
170,Vincent_van_Gogh_252.jpg
171,Vincent_van_Gogh_253.jpg
172,Vincent_van_Gogh_254.jpg
173,Vincent_van_Gogh_255.jpg
174,Vincent_van_Gogh_256.jpg
175,Vincent_van_Gogh_257.jpg
176,Vincent_van_Gogh_258.jpg
177,Vincent_van_Gogh_259.jpg
178,Vincent_van_Gogh_26.jpg
179,Vincent_van_Gogh_260.jpg
180,Vincent_van_Gogh_261.jpg
181,Vincent_van_Gogh_262.jpg
182,Vincent_van_Gogh_263.jpg
183,Vincent_van_Gogh_264.jpg
184,Vincent_van_Gogh_265.jpg
185,Vincent_van_Gogh_266.jpg
186,Vincent_van_Gogh_267.jpg
187,Vincent_van_Gogh_268.jpg
188,Vincent_van_Gogh_269.jpg
189,Vincent_van_Gogh_27.jpg
190,Vincent_van_Gogh_270.jpg
191,Vincent_van_Gogh_271.jpg
192,Vincent_van_Gogh_272.jpg
193,Vincent_van_Gogh_273.jpg
194,Vincent_van_Gogh_274.jpg
195,Vincent_van_Gogh_275.jpg
196,Vincent_van_Gogh_276.jpg
197,Vincent_van_Gogh_277.jpg
198,Vincent_van_Gogh_278.jpg
199,Vincent_van_Gogh_279.jpg
200,Vincent_van_Gogh_28.jpg
201,Vincent_van_Gogh_280.jpg
202,Vincent_van_Gogh_281.jpg
203,Vincent_van_Gogh_282.jpg
204,Vincent_van_Gogh_283.jpg
205,Vincent_van_Gogh_284.jpg
206,Vincent_van_Gogh_285.jpg
207,Vincent_van_Gogh_286.jpg
208,Vincent_van_Gogh_287.jpg
209,Vincent_van_Gogh_288.jpg
210,Vincent_van_Gogh_289.jpg
211,Vincent_van_Gogh_29.jpg
212,Vincent_van_Gogh_290.jpg
213,Vincent_van_Gogh_291.jpg
214,Vincent_van_Gogh_292.jpg
215,Vincent_van_Gogh_293.jpg
216,Vincent_van_Gogh_294.jpg
217,Vincent_van_Gogh_295.jpg
218,Vincent_van_Gogh_296.jpg
219,Vincent_van_Gogh_297.jpg
220,Vincent_van_Gogh_298.jpg
221,Vincent_van_Gogh_299.jpg
222,Vincent_van_Gogh_3.jpg
223,Vincent_van_Gogh_30.jpg
224,Vincent_van_Gogh_300.jpg
225,Vincent_van_Gogh_301.jpg
226,Vincent_van_Gogh_302.jpg
227,Vincent_van_Gogh_303.jpg
228,Vincent_van_Gogh_304.jpg
229,Vincent_van_Gogh_305.jpg
230,Vincent_van_Gogh_306.jpg
231,Vincent_van_Gogh_307.jpg
232,Vincent_van_Gogh_308.jpg
233,Vincent_van_Gogh_309.jpg
234,Vincent_van_Gogh_31.jpg
235,Vincent_van_Gogh_310.jpg
236,Vincent_van_Gogh_311.jpg
237,Vincent_van_Gogh_312.jpg
238,Vincent_van_Gogh_313.jpg
239,Vincent_van_Gogh_314.jpg
240,Vincent_van_Gogh_315.jpg
241,Vincent_van_Gogh_316.jpg
242,Vincent_van_Gogh_317.jpg
243,Vincent_van_Gogh_318.jpg
244,Vincent_van_Gogh_319.jpg
245,Vincent_van_Gogh_32.jpg
246,Vincent_van_Gogh_320.jpg
247,Vincent_van_Gogh_321.jpg
248,Vincent_van_Gogh_322.jpg
249,Vincent_van_Gogh_323.jpg
250,Vincent_van_Gogh_324.jpg
251,Vincent_van_Gogh_325.jpg
252,Vincent_van_Gogh_326.jpg
253,Vincent_van_Gogh_327.jpg
254,Vincent_van_Gogh_328.jpg
255,Vincent_van_Gogh_329.jpg
256,Vincent_van_Gogh_33.jpg
257,Vincent_van_Gogh_330.jpg
258,Vincent_van_Gogh_331.jpg
259,Vincent_van_Gogh_332.jpg
260,Vincent_van_Gogh_333.jpg
261,Vincent_van_Gogh_334.jpg
262,Vincent_van_Gogh_335.jpg
263,Vincent_van_Gogh_336.jpg
264,Vincent_van_Gogh_337.jpg
265,Vincent_van_Gogh_338.jpg
266,Vincent_van_Gogh_339.jpg
267,Vincent_van_Gogh_34.jpg
268,Vincent_van_Gogh_340.jpg
269,Vincent_van_Gogh_341.jpg
270,Vincent_van_Gogh_342.jpg
271,Vincent_van_Gogh_343.jpg
272,Vincent_van_Gogh_344.jpg
273,Vincent_van_Gogh_345.jpg
274,Vincent_van_Gogh_346.jpg
275,Vincent_van_Gogh_347.jpg
276,Vincent_van_Gogh_348.jpg
277,Vincent_van_Gogh_349.jpg
278,Vincent_van_Gogh_35.jpg
279,Vincent_van_Gogh_350.jpg
280,Vincent_van_Gogh_351.jpg
281,Vincent_van_Gogh_352.jpg
282,Vincent_van_Gogh_353.jpg
283,Vincent_van_Gogh_354.jpg
284,Vincent_van_Gogh_355.jpg
285,Vincent_van_Gogh_356.jpg
286,Vincent_van_Gogh_357.jpg
287,Vincent_van_Gogh_358.jpg
288,Vincent_van_Gogh_359.jpg
289,Vincent_van_Gogh_36.jpg
290,Vincent_van_Gogh_360.jpg
291,Vincent_van_Gogh_361.jpg
292,Vincent_van_Gogh_362.jpg
293,Vincent_van_Gogh_363.jpg
294,Vincent_van_Gogh_364.jpg
295,Vincent_van_Gogh_365.jpg
296,Vincent_van_Gogh_366.jpg
297,Vincent_van_Gogh_367.jpg
298,Vincent_van_Gogh_368.jpg
299,Vincent_van_Gogh_369.jpg
300,Vincent_van_Gogh_37.jpg
301,Vincent_van_Gogh_370.jpg
302,Vincent_van_Gogh_371.jpg
303,Vincent_van_Gogh_372.jpg
304,Vincent_van_Gogh_373.jpg
305,Vincent_van_Gogh_374.jpg
306,Vincent_van_Gogh_375.jpg
307,Vincent_van_Gogh_376.jpg
308,Vincent_van_Gogh_377.jpg
309,Vincent_van_Gogh_378.jpg
310,Vincent_van_Gogh_379.jpg
311,Vincent_van_Gogh_38.jpg
312,Vincent_van_Gogh_380.jpg
313,Vincent_van_Gogh_381.jpg
314,Vincent_van_Gogh_382.jpg
315,Vincent_van_Gogh_383.jpg
316,Vincent_van_Gogh_384.jpg
317,Vincent_van_Gogh_385.jpg
318,Vincent_van_Gogh_386.jpg
319,Vincent_van_Gogh_387.jpg
320,Vincent_van_Gogh_388.jpg
321,Vincent_van_Gogh_389.jpg
322,Vincent_van_Gogh_39.jpg
323,Vincent_van_Gogh_390.jpg
324,Vincent_van_Gogh_391.jpg
325,Vincent_van_Gogh_392.jpg
326,Vincent_van_Gogh_393.jpg
327,Vincent_van_Gogh_394.jpg
328,Vincent_van_Gogh_395.jpg
329,Vincent_van_Gogh_396.jpg
330,Vincent_van_Gogh_397.jpg
331,Vincent_van_Gogh_398.jpg
332,Vincent_van_Gogh_399.jpg
333,Vincent_van_Gogh_4.jpg
334,Vincent_van_Gogh_40.jpg
335,Vincent_van_Gogh_400.jpg
336,Vincent_van_Gogh_401.jpg
337,Vincent_van_Gogh_402.jpg
338,Vincent_van_Gogh_403.jpg
339,Vincent_van_Gogh_404.jpg
340,Vincent_van_Gogh_405.jpg
341,Vincent_van_Gogh_406.jpg
342,Vincent_van_Gogh_407.jpg
343,Vincent_van_Gogh_408.jpg
344,Vincent_van_Gogh_409.jpg
345,Vincent_van_Gogh_41.jpg
346,Vincent_van_Gogh_410.jpg
347,Vincent_van_Gogh_411.jpg
348,Vincent_van_Gogh_412.jpg
349,Vincent_van_Gogh_413.jpg
350,Vincent_van_Gogh_414.jpg
351,Vincent_van_Gogh_415.jpg
352,Vincent_van_Gogh_416.jpg
353,Vincent_van_Gogh_417.jpg
354,Vincent_van_Gogh_418.jpg
355,Vincent_van_Gogh_419.jpg
356,Vincent_van_Gogh_42.jpg
357,Vincent_van_Gogh_420.jpg
358,Vincent_van_Gogh_421.jpg
359,Vincent_van_Gogh_422.jpg
360,Vincent_van_Gogh_423.jpg
361,Vincent_van_Gogh_424.jpg
362,Vincent_van_Gogh_425.jpg
363,Vincent_van_Gogh_426.jpg
364,Vincent_van_Gogh_427.jpg
365,Vincent_van_Gogh_428.jpg
366,Vincent_van_Gogh_429.jpg
367,Vincent_van_Gogh_43.jpg
368,Vincent_van_Gogh_430.jpg
369,Vincent_van_Gogh_431.jpg
370,Vincent_van_Gogh_432.jpg
371,Vincent_van_Gogh_433.jpg
372,Vincent_van_Gogh_434.jpg
373,Vincent_van_Gogh_435.jpg
374,Vincent_van_Gogh_436.jpg
375,Vincent_van_Gogh_437.jpg
376,Vincent_van_Gogh_438.jpg
377,Vincent_van_Gogh_439.jpg
378,Vincent_van_Gogh_44.jpg
379,Vincent_van_Gogh_440.jpg
380,Vincent_van_Gogh_441.jpg
381,Vincent_van_Gogh_442.jpg
382,Vincent_van_Gogh_443.jpg
383,Vincent_van_Gogh_444.jpg
384,Vincent_van_Gogh_445.jpg
385,Vincent_van_Gogh_446.jpg
386,Vincent_van_Gogh_447.jpg
387,Vincent_van_Gogh_448.jpg
388,Vincent_van_Gogh_449.jpg
389,Vincent_van_Gogh_45.jpg
390,Vincent_van_Gogh_450.jpg
391,Vincent_van_Gogh_451.jpg
392,Vincent_van_Gogh_452.jpg
393,Vincent_van_Gogh_453.jpg
394,Vincent_van_Gogh_454.jpg
395,Vincent_van_Gogh_455.jpg
396,Vincent_van_Gogh_456.jpg
397,Vincent_van_Gogh_457.jpg
398,Vincent_van_Gogh_458.jpg
399,Vincent_van_Gogh_459.jpg
400,Vincent_van_Gogh_46.jpg
401,Vincent_van_Gogh_460.jpg
402,Vincent_van_Gogh_461.jpg
403,Vincent_van_Gogh_462.jpg
404,Vincent_van_Gogh_463.jpg
405,Vincent_van_Gogh_464.jpg
406,Vincent_van_Gogh_465.jpg
407,Vincent_van_Gogh_466.jpg
408,Vincent_van_Gogh_467.jpg
409,Vincent_van_Gogh_468.jpg
410,Vincent_van_Gogh_469.jpg
411,Vincent_van_Gogh_47.jpg
412,Vincent_van_Gogh_470.jpg
413,Vincent_van_Gogh_471.jpg
414,Vincent_van_Gogh_472.jpg
415,Vincent_van_Gogh_473.jpg
416,Vincent_van_Gogh_474.jpg
417,Vincent_van_Gogh_475.jpg
418,Vincent_van_Gogh_476.jpg
419,Vincent_van_Gogh_477.jpg
420,Vincent_van_Gogh_478.jpg
421,Vincent_van_Gogh_479.jpg
422,Vincent_van_Gogh_48.jpg
423,Vincent_van_Gogh_480.jpg
424,Vincent_van_Gogh_481.jpg
425,Vincent_van_Gogh_482.jpg
426,Vincent_van_Gogh_483.jpg
427,Vincent_van_Gogh_484.jpg
428,Vincent_van_Gogh_485.jpg
429,Vincent_van_Gogh_486.jpg
430,Vincent_van_Gogh_487.jpg
431,Vincent_van_Gogh_488.jpg
432,Vincent_van_Gogh_489.jpg
433,Vincent_van_Gogh_49.jpg
434,Vincent_van_Gogh_490.jpg
435,Vincent_van_Gogh_491.jpg
436,Vincent_van_Gogh_492.jpg
437,Vincent_van_Gogh_493.jpg
438,Vincent_van_Gogh_494.jpg
439,Vincent_van_Gogh_495.jpg
440,Vincent_van_Gogh_496.jpg
441,Vincent_van_Gogh_497.jpg
442,Vincent_van_Gogh_498.jpg
443,Vincent_van_Gogh_499.jpg
444,Vincent_van_Gogh_5.jpg
445,Vincent_van_Gogh_50.jpg
446,Vincent_van_Gogh_500.jpg
447,Vincent_van_Gogh_501.jpg
448,Vincent_van_Gogh_502.jpg
449,Vincent_van_Gogh_503.jpg
450,Vincent_van_Gogh_504.jpg
451,Vincent_van_Gogh_505.jpg
452,Vincent_van_Gogh_506.jpg
453,Vincent_van_Gogh_507.jpg
454,Vincent_van_Gogh_508.jpg
455,Vincent_van_Gogh_509.jpg
456,Vincent_van_Gogh_51.jpg
457,Vincent_van_Gogh_510.jpg
458,Vincent_van_Gogh_511.jpg
459,Vincent_van_Gogh_512.jpg
460,Vincent_van_Gogh_513.jpg
461,Vincent_van_Gogh_514.jpg
462,Vincent_van_Gogh_515.jpg
463,Vincent_van_Gogh_516.jpg
464,Vincent_van_Gogh_517.jpg
465,Vincent_van_Gogh_518.jpg
466,Vincent_van_Gogh_519.jpg
467,Vincent_van_Gogh_52.jpg
468,Vincent_van_Gogh_520.jpg
469,Vincent_van_Gogh_521.jpg
470,Vincent_van_Gogh_522.jpg
471,Vincent_van_Gogh_523.jpg
472,Vincent_van_Gogh_524.jpg
473,Vincent_van_Gogh_525.jpg
474,Vincent_van_Gogh_526.jpg
475,Vincent_van_Gogh_527.jpg
476,Vincent_van_Gogh_528.jpg
477,Vincent_van_Gogh_529.jpg
478,Vincent_van_Gogh_53.jpg
479,Vincent_van_Gogh_530.jpg
480,Vincent_van_Gogh_531.jpg
481,Vincent_van_Gogh_532.jpg
482,Vincent_van_Gogh_533.jpg
483,Vincent_van_Gogh_534.jpg
484,Vincent_van_Gogh_535.jpg
485,Vincent_van_Gogh_536.jpg
486,Vincent_van_Gogh_537.jpg
487,Vincent_van_Gogh_538.jpg
488,Vincent_van_Gogh_539.jpg
489,Vincent_van_Gogh_54.jpg
490,Vincent_van_Gogh_540.jpg
491,Vincent_van_Gogh_541.jpg
492,Vincent_van_Gogh_542.jpg
493,Vincent_van_Gogh_543.jpg
494,Vincent_van_Gogh_544.jpg
495,Vincent_van_Gogh_545.jpg
496,Vincent_van_Gogh_546.jpg
497,Vincent_van_Gogh_547.jpg
498,Vincent_van_Gogh_548.jpg
499,Vincent_van_Gogh_549.jpg
500,Vincent_van_Gogh_55.jpg
501,Vincent_van_Gogh_550.jpg
502,Vincent_van_Gogh_551.jpg
503,Vincent_van_Gogh_552.jpg
504,Vincent_van_Gogh_553.jpg
505,Vincent_van_Gogh_554.jpg
506,Vincent_van_Gogh_555.jpg
507,Vincent_van_Gogh_556.jpg
508,Vincent_van_Gogh_557.jpg
509,Vincent_van_Gogh_558.jpg
510,Vincent_van_Gogh_559.jpg
511,Vincent_van_Gogh_56.jpg
512,Vincent_van_Gogh_560.jpg
513,Vincent_van_Gogh_561.jpg
514,Vincent_van_Gogh_562.jpg
515,Vincent_van_Gogh_563.jpg
516,Vincent_van_Gogh_564.jpg
517,Vincent_van_Gogh_565.jpg
518,Vincent_van_Gogh_566.jpg
519,Vincent_van_Gogh_567.jpg
520,Vincent_van_Gogh_568.jpg
521,Vincent_van_Gogh_569.jpg
522,Vincent_van_Gogh_57.jpg
523,Vincent_van_Gogh_570.jpg
524,Vincent_van_Gogh_571.jpg
525,Vincent_van_Gogh_572.jpg
526,Vincent_van_Gogh_573.jpg
527,Vincent_van_Gogh_574.jpg
528,Vincent_van_Gogh_575.jpg
529,Vincent_van_Gogh_576.jpg
530,Vincent_van_Gogh_577.jpg
531,Vincent_van_Gogh_578.jpg
532,Vincent_van_Gogh_579.jpg
533,Vincent_van_Gogh_58.jpg
534,Vincent_van_Gogh_580.jpg
535,Vincent_van_Gogh_581.jpg
536,Vincent_van_Gogh_582.jpg
537,Vincent_van_Gogh_583.jpg
538,Vincent_van_Gogh_584.jpg
539,Vincent_van_Gogh_585.jpg
540,Vincent_van_Gogh_586.jpg
541,Vincent_van_Gogh_587.jpg
542,Vincent_van_Gogh_588.jpg
543,Vincent_van_Gogh_589.jpg
544,Vincent_van_Gogh_59.jpg
545,Vincent_van_Gogh_590.jpg
546,Vincent_van_Gogh_591.jpg
547,Vincent_van_Gogh_592.jpg
548,Vincent_van_Gogh_593.jpg
549,Vincent_van_Gogh_594.jpg
550,Vincent_van_Gogh_595.jpg
551,Vincent_van_Gogh_596.jpg
552,Vincent_van_Gogh_597.jpg
553,Vincent_van_Gogh_598.jpg
554,Vincent_van_Gogh_599.jpg
555,Vincent_van_Gogh_6.jpg
556,Vincent_van_Gogh_60.jpg
557,Vincent_van_Gogh_600.jpg
558,Vincent_van_Gogh_601.jpg
559,Vincent_van_Gogh_602.jpg
560,Vincent_van_Gogh_603.jpg
561,Vincent_van_Gogh_604.jpg
562,Vincent_van_Gogh_605.jpg
563,Vincent_van_Gogh_606.jpg
564,Vincent_van_Gogh_607.jpg
565,Vincent_van_Gogh_608.jpg
566,Vincent_van_Gogh_609.jpg
567,Vincent_van_Gogh_61.jpg
568,Vincent_van_Gogh_610.jpg
569,Vincent_van_Gogh_611.jpg
570,Vincent_van_Gogh_612.jpg
571,Vincent_van_Gogh_613.jpg
572,Vincent_van_Gogh_614.jpg
573,Vincent_van_Gogh_615.jpg
574,Vincent_van_Gogh_616.jpg
575,Vincent_van_Gogh_617.jpg
576,Vincent_van_Gogh_618.jpg
577,Vincent_van_Gogh_619.jpg
578,Vincent_van_Gogh_62.jpg
579,Vincent_van_Gogh_620.jpg
580,Vincent_van_Gogh_621.jpg
581,Vincent_van_Gogh_622.jpg
582,Vincent_van_Gogh_623.jpg
583,Vincent_van_Gogh_624.jpg
584,Vincent_van_Gogh_625.jpg
585,Vincent_van_Gogh_626.jpg
586,Vincent_van_Gogh_627.jpg
587,Vincent_van_Gogh_628.jpg
588,Vincent_van_Gogh_629.jpg
589,Vincent_van_Gogh_63.jpg
590,Vincent_van_Gogh_630.jpg
591,Vincent_van_Gogh_631.jpg
592,Vincent_van_Gogh_632.jpg
593,Vincent_van_Gogh_633.jpg
594,Vincent_van_Gogh_634.jpg
595,Vincent_van_Gogh_635.jpg
596,Vincent_van_Gogh_636.jpg
597,Vincent_van_Gogh_637.jpg
598,Vincent_van_Gogh_638.jpg
599,Vincent_van_Gogh_639.jpg
600,Vincent_van_Gogh_64.jpg
601,Vincent_van_Gogh_640.jpg
602,Vincent_van_Gogh_641.jpg
603,Vincent_van_Gogh_642.jpg
604,Vincent_van_Gogh_643.jpg
605,Vincent_van_Gogh_644.jpg
606,Vincent_van_Gogh_645.jpg
607,Vincent_van_Gogh_646.jpg
608,Vincent_van_Gogh_647.jpg
609,Vincent_van_Gogh_648.jpg
610,Vincent_van_Gogh_649.jpg
611,Vincent_van_Gogh_65.jpg
612,Vincent_van_Gogh_650.jpg
613,Vincent_van_Gogh_651.jpg
614,Vincent_van_Gogh_652.jpg
615,Vincent_van_Gogh_653.jpg
616,Vincent_van_Gogh_654.jpg
617,Vincent_van_Gogh_655.jpg
618,Vincent_van_Gogh_656.jpg
619,Vincent_van_Gogh_657.jpg
620,Vincent_van_Gogh_658.jpg
621,Vincent_van_Gogh_659.jpg
622,Vincent_van_Gogh_66.jpg
623,Vincent_van_Gogh_660.jpg
624,Vincent_van_Gogh_661.jpg
625,Vincent_van_Gogh_662.jpg
626,Vincent_van_Gogh_663.jpg
627,Vincent_van_Gogh_664.jpg
628,Vincent_van_Gogh_665.jpg
629,Vincent_van_Gogh_666.jpg
630,Vincent_van_Gogh_667.jpg
631,Vincent_van_Gogh_668.jpg
632,Vincent_van_Gogh_669.jpg
633,Vincent_van_Gogh_67.jpg
634,Vincent_van_Gogh_670.jpg
635,Vincent_van_Gogh_671.jpg
636,Vincent_van_Gogh_672.jpg
637,Vincent_van_Gogh_673.jpg
638,Vincent_van_Gogh_674.jpg
639,Vincent_van_Gogh_675.jpg
640,Vincent_van_Gogh_676.jpg
641,Vincent_van_Gogh_677.jpg
642,Vincent_van_Gogh_678.jpg
643,Vincent_van_Gogh_679.jpg
644,Vincent_van_Gogh_68.jpg
645,Vincent_van_Gogh_680.jpg
646,Vincent_van_Gogh_681.jpg
647,Vincent_van_Gogh_682.jpg
648,Vincent_van_Gogh_683.jpg
649,Vincent_van_Gogh_684.jpg
650,Vincent_van_Gogh_685.jpg
651,Vincent_van_Gogh_686.jpg
652,Vincent_van_Gogh_687.jpg
653,Vincent_van_Gogh_688.jpg
654,Vincent_van_Gogh_689.jpg
655,Vincent_van_Gogh_69.jpg
656,Vincent_van_Gogh_690.jpg
657,Vincent_van_Gogh_691.jpg
658,Vincent_van_Gogh_692.jpg
659,Vincent_van_Gogh_693.jpg
660,Vincent_van_Gogh_694.jpg
661,Vincent_van_Gogh_695.jpg
662,Vincent_van_Gogh_696.jpg
663,Vincent_van_Gogh_697.jpg
664,Vincent_van_Gogh_698.jpg
665,Vincent_van_Gogh_699.jpg
666,Vincent_van_Gogh_7.jpg
667,Vincent_van_Gogh_70.jpg
668,Vincent_van_Gogh_700.jpg
669,Vincent_van_Gogh_701.jpg
670,Vincent_van_Gogh_702.jpg
671,Vincent_van_Gogh_703.jpg
672,Vincent_van_Gogh_704.jpg
673,Vincent_van_Gogh_705.jpg
674,Vincent_van_Gogh_706.jpg
675,Vincent_van_Gogh_707.jpg
676,Vincent_van_Gogh_708.jpg
677,Vincent_van_Gogh_709.jpg
678,Vincent_van_Gogh_71.jpg
679,Vincent_van_Gogh_710.jpg
680,Vincent_van_Gogh_711.jpg
681,Vincent_van_Gogh_712.jpg
682,Vincent_van_Gogh_713.jpg
683,Vincent_van_Gogh_714.jpg
684,Vincent_van_Gogh_715.jpg
685,Vincent_van_Gogh_716.jpg
686,Vincent_van_Gogh_717.jpg
687,Vincent_van_Gogh_718.jpg
688,Vincent_van_Gogh_719.jpg
689,Vincent_van_Gogh_72.jpg
690,Vincent_van_Gogh_720.jpg
691,Vincent_van_Gogh_721.jpg
692,Vincent_van_Gogh_722.jpg
693,Vincent_van_Gogh_723.jpg
694,Vincent_van_Gogh_724.jpg
695,Vincent_van_Gogh_725.jpg
696,Vincent_van_Gogh_726.jpg
697,Vincent_van_Gogh_727.jpg
698,Vincent_van_Gogh_728.jpg
699,Vincent_van_Gogh_729.jpg
700,Vincent_van_Gogh_73.jpg
701,Vincent_van_Gogh_730.jpg
702,Vincent_van_Gogh_731.jpg
703,Vincent_van_Gogh_732.jpg
704,Vincent_van_Gogh_733.jpg
705,Vincent_van_Gogh_734.jpg
706,Vincent_van_Gogh_735.jpg
707,Vincent_van_Gogh_736.jpg
708,Vincent_van_Gogh_737.jpg
709,Vincent_van_Gogh_738.jpg
710,Vincent_van_Gogh_739.jpg
711,Vincent_van_Gogh_74.jpg
712,Vincent_van_Gogh_740.jpg
713,Vincent_van_Gogh_741.jpg
714,Vincent_van_Gogh_742.jpg
715,Vincent_van_Gogh_743.jpg
716,Vincent_van_Gogh_744.jpg
717,Vincent_van_Gogh_745.jpg
718,Vincent_van_Gogh_746.jpg
719,Vincent_van_Gogh_747.jpg
720,Vincent_van_Gogh_748.jpg
721,Vincent_van_Gogh_749.jpg
722,Vincent_van_Gogh_75.jpg
723,Vincent_van_Gogh_750.jpg
724,Vincent_van_Gogh_751.jpg
725,Vincent_van_Gogh_752.jpg
726,Vincent_van_Gogh_753.jpg
727,Vincent_van_Gogh_754.jpg
728,Vincent_van_Gogh_755.jpg
729,Vincent_van_Gogh_756.jpg
730,Vincent_van_Gogh_757.jpg
731,Vincent_van_Gogh_758.jpg
732,Vincent_van_Gogh_759.jpg
733,Vincent_van_Gogh_76.jpg
734,Vincent_van_Gogh_760.jpg
735,Vincent_van_Gogh_761.jpg
736,Vincent_van_Gogh_762.jpg
737,Vincent_van_Gogh_763.jpg
738,Vincent_van_Gogh_764.jpg
739,Vincent_van_Gogh_765.jpg
740,Vincent_van_Gogh_766.jpg
741,Vincent_van_Gogh_767.jpg
742,Vincent_van_Gogh_768.jpg
743,Vincent_van_Gogh_769.jpg
744,Vincent_van_Gogh_77.jpg
745,Vincent_van_Gogh_770.jpg
746,Vincent_van_Gogh_771.jpg
747,Vincent_van_Gogh_772.jpg
748,Vincent_van_Gogh_773.jpg
749,Vincent_van_Gogh_774.jpg
750,Vincent_van_Gogh_775.jpg
751,Vincent_van_Gogh_776.jpg
752,Vincent_van_Gogh_777.jpg
753,Vincent_van_Gogh_778.jpg
754,Vincent_van_Gogh_779.jpg
755,Vincent_van_Gogh_78.jpg
756,Vincent_van_Gogh_780.jpg
757,Vincent_van_Gogh_781.jpg
758,Vincent_van_Gogh_782.jpg
759,Vincent_van_Gogh_783.jpg
760,Vincent_van_Gogh_784.jpg
761,Vincent_van_Gogh_785.jpg
762,Vincent_van_Gogh_786.jpg
763,Vincent_van_Gogh_787.jpg
764,Vincent_van_Gogh_788.jpg
765,Vincent_van_Gogh_789.jpg
766,Vincent_van_Gogh_79.jpg
767,Vincent_van_Gogh_790.jpg
768,Vincent_van_Gogh_791.jpg
769,Vincent_van_Gogh_792.jpg
770,Vincent_van_Gogh_793.jpg
771,Vincent_van_Gogh_794.jpg
772,Vincent_van_Gogh_795.jpg
773,Vincent_van_Gogh_796.jpg
774,Vincent_van_Gogh_797.jpg
775,Vincent_van_Gogh_798.jpg
776,Vincent_van_Gogh_799.jpg
777,Vincent_van_Gogh_8.jpg
778,Vincent_van_Gogh_80.jpg
779,Vincent_van_Gogh_800.jpg
780,Vincent_van_Gogh_801.jpg
781,Vincent_van_Gogh_802.jpg
782,Vincent_van_Gogh_803.jpg
783,Vincent_van_Gogh_804.jpg
784,Vincent_van_Gogh_805.jpg
785,Vincent_van_Gogh_806.jpg
786,Vincent_van_Gogh_807.jpg
787,Vincent_van_Gogh_808.jpg
788,Vincent_van_Gogh_809.jpg
789,Vincent_van_Gogh_81.jpg
790,Vincent_van_Gogh_810.jpg
791,Vincent_van_Gogh_811.jpg
792,Vincent_van_Gogh_812.jpg
793,Vincent_van_Gogh_813.jpg
794,Vincent_van_Gogh_814.jpg
795,Vincent_van_Gogh_815.jpg
796,Vincent_van_Gogh_816.jpg
797,Vincent_van_Gogh_817.jpg
798,Vincent_van_Gogh_818.jpg
799,Vincent_van_Gogh_819.jpg
800,Vincent_van_Gogh_82.jpg
801,Vincent_van_Gogh_820.jpg
802,Vincent_van_Gogh_821.jpg
803,Vincent_van_Gogh_822.jpg
804,Vincent_van_Gogh_823.jpg
805,Vincent_van_Gogh_824.jpg
806,Vincent_van_Gogh_825.jpg
807,Vincent_van_Gogh_826.jpg
808,Vincent_van_Gogh_827.jpg
809,Vincent_van_Gogh_828.jpg
810,Vincent_van_Gogh_829.jpg
811,Vincent_van_Gogh_83.jpg
812,Vincent_van_Gogh_830.jpg
813,Vincent_van_Gogh_831.jpg
814,Vincent_van_Gogh_832.jpg
815,Vincent_van_Gogh_833.jpg
816,Vincent_van_Gogh_834.jpg
817,Vincent_van_Gogh_835.jpg
818,Vincent_van_Gogh_836.jpg
819,Vincent_van_Gogh_837.jpg
820,Vincent_van_Gogh_838.jpg
821,Vincent_van_Gogh_839.jpg
822,Vincent_van_Gogh_84.jpg
823,Vincent_van_Gogh_840.jpg
824,Vincent_van_Gogh_841.jpg
825,Vincent_van_Gogh_842.jpg
826,Vincent_van_Gogh_843.jpg
827,Vincent_van_Gogh_844.jpg
828,Vincent_van_Gogh_845.jpg
829,Vincent_van_Gogh_846.jpg
830,Vincent_van_Gogh_847.jpg
831,Vincent_van_Gogh_848.jpg
832,Vincent_van_Gogh_849.jpg
833,Vincent_van_Gogh_85.jpg
834,Vincent_van_Gogh_850.jpg
835,Vincent_van_Gogh_851.jpg
836,Vincent_van_Gogh_852.jpg
837,Vincent_van_Gogh_853.jpg
838,Vincent_van_Gogh_854.jpg
839,Vincent_van_Gogh_855.jpg
840,Vincent_van_Gogh_856.jpg
841,Vincent_van_Gogh_857.jpg
842,Vincent_van_Gogh_858.jpg
843,Vincent_van_Gogh_859.jpg
844,Vincent_van_Gogh_86.jpg
845,Vincent_van_Gogh_860.jpg
846,Vincent_van_Gogh_861.jpg
847,Vincent_van_Gogh_862.jpg
848,Vincent_van_Gogh_863.jpg
849,Vincent_van_Gogh_864.jpg
850,Vincent_van_Gogh_865.jpg
851,Vincent_van_Gogh_866.jpg
852,Vincent_van_Gogh_867.jpg
853,Vincent_van_Gogh_868.jpg
854,Vincent_van_Gogh_869.jpg
855,Vincent_van_Gogh_87.jpg
856,Vincent_van_Gogh_870.jpg
857,Vincent_van_Gogh_871.jpg
858,Vincent_van_Gogh_872.jpg
859,Vincent_van_Gogh_873.jpg
860,Vincent_van_Gogh_874.jpg
861,Vincent_van_Gogh_875.jpg
862,Vincent_van_Gogh_876.jpg
863,Vincent_van_Gogh_877.jpg
864,Vincent_van_Gogh_88.jpg
865,Vincent_van_Gogh_89.jpg
866,Vincent_van_Gogh_9.jpg
867,Vincent_van_Gogh_90.jpg
868,Vincent_van_Gogh_91.jpg
869,Vincent_van_Gogh_92.jpg
870,Vincent_van_Gogh_93.jpg
871,Vincent_van_Gogh_94.jpg
872,Vincent_van_Gogh_95.jpg
873,Vincent_van_Gogh_96.jpg
874,Vincent_van_Gogh_97.jpg
875,Vincent_van_Gogh_98.jpg
876,Vincent_van_Gogh_99.jpg
